name,type,direction,description
feat_000,float,,Feature 0 of the Molecular representation through redundancy reduced Embeddings
feat_001,float,,Feature 1 of the Molecular representation through redundancy reduced Embeddings
feat_002,float,,Feature 2 of the Molecular representation through redundancy reduced Embeddings
feat_003,float,,Feature 3 of the Molecular representation through redundancy reduced Embeddings
feat_004,float,,Feature 4 of the Molecular representation through redundancy reduced Embeddings
feat_005,float,,Feature 5 of the Molecular representation through redundancy reduced Embeddings
feat_006,float,,Feature 6 of the Molecular representation through redundancy reduced Embeddings
feat_007,float,,Feature 7 of the Molecular representation through redundancy reduced Embeddings
feat_008,float,,Feature 8 of the Molecular representation through redundancy reduced Embeddings
feat_009,float,,Feature 9 of the Molecular representation through redundancy reduced Embeddings
feat_010,float,,Feature 10 of the Molecular representation through redundancy reduced Embeddings
feat_011,float,,Feature 11 of the Molecular representation through redundancy reduced Embeddings
feat_012,float,,Feature 12 of the Molecular representation through redundancy reduced Embeddings
feat_013,float,,Feature 13 of the Molecular representation through redundancy reduced Embeddings
feat_014,float,,Feature 14 of the Molecular representation through redundancy reduced Embeddings
feat_015,float,,Feature 15 of the Molecular representation through redundancy reduced Embeddings
feat_016,float,,Feature 16 of the Molecular representation through redundancy reduced Embeddings
feat_017,float,,Feature 17 of the Molecular representation through redundancy reduced Embeddings
feat_018,float,,Feature 18 of the Molecular representation through redundancy reduced Embeddings
feat_019,float,,Feature 19 of the Molecular representation through redundancy reduced Embeddings
feat_020,float,,Feature 20 of the Molecular representation through redundancy reduced Embeddings
feat_021,float,,Feature 21 of the Molecular representation through redundancy reduced Embeddings
feat_022,float,,Feature 22 of the Molecular representation through redundancy reduced Embeddings
feat_023,float,,Feature 23 of the Molecular representation through redundancy reduced Embeddings
feat_024,float,,Feature 24 of the Molecular representation through redundancy reduced Embeddings
feat_025,float,,Feature 25 of the Molecular representation through redundancy reduced Embeddings
feat_026,float,,Feature 26 of the Molecular representation through redundancy reduced Embeddings
feat_027,float,,Feature 27 of the Molecular representation through redundancy reduced Embeddings
feat_028,float,,Feature 28 of the Molecular representation through redundancy reduced Embeddings
feat_029,float,,Feature 29 of the Molecular representation through redundancy reduced Embeddings
feat_030,float,,Feature 30 of the Molecular representation through redundancy reduced Embeddings
feat_031,float,,Feature 31 of the Molecular representation through redundancy reduced Embeddings
feat_032,float,,Feature 32 of the Molecular representation through redundancy reduced Embeddings
feat_033,float,,Feature 33 of the Molecular representation through redundancy reduced Embeddings
feat_034,float,,Feature 34 of the Molecular representation through redundancy reduced Embeddings
feat_035,float,,Feature 35 of the Molecular representation through redundancy reduced Embeddings
feat_036,float,,Feature 36 of the Molecular representation through redundancy reduced Embeddings
feat_037,float,,Feature 37 of the Molecular representation through redundancy reduced Embeddings
feat_038,float,,Feature 38 of the Molecular representation through redundancy reduced Embeddings
feat_039,float,,Feature 39 of the Molecular representation through redundancy reduced Embeddings
feat_040,float,,Feature 40 of the Molecular representation through redundancy reduced Embeddings
feat_041,float,,Feature 41 of the Molecular representation through redundancy reduced Embeddings
feat_042,float,,Feature 42 of the Molecular representation through redundancy reduced Embeddings
feat_043,float,,Feature 43 of the Molecular representation through redundancy reduced Embeddings
feat_044,float,,Feature 44 of the Molecular representation through redundancy reduced Embeddings
feat_045,float,,Feature 45 of the Molecular representation through redundancy reduced Embeddings
feat_046,float,,Feature 46 of the Molecular representation through redundancy reduced Embeddings
feat_047,float,,Feature 47 of the Molecular representation through redundancy reduced Embeddings
feat_048,float,,Feature 48 of the Molecular representation through redundancy reduced Embeddings
feat_049,float,,Feature 49 of the Molecular representation through redundancy reduced Embeddings
feat_050,float,,Feature 50 of the Molecular representation through redundancy reduced Embeddings
feat_051,float,,Feature 51 of the Molecular representation through redundancy reduced Embeddings
feat_052,float,,Feature 52 of the Molecular representation through redundancy reduced Embeddings
feat_053,float,,Feature 53 of the Molecular representation through redundancy reduced Embeddings
feat_054,float,,Feature 54 of the Molecular representation through redundancy reduced Embeddings
feat_055,float,,Feature 55 of the Molecular representation through redundancy reduced Embeddings
feat_056,float,,Feature 56 of the Molecular representation through redundancy reduced Embeddings
feat_057,float,,Feature 57 of the Molecular representation through redundancy reduced Embeddings
feat_058,float,,Feature 58 of the Molecular representation through redundancy reduced Embeddings
feat_059,float,,Feature 59 of the Molecular representation through redundancy reduced Embeddings
feat_060,float,,Feature 60 of the Molecular representation through redundancy reduced Embeddings
feat_061,float,,Feature 61 of the Molecular representation through redundancy reduced Embeddings
feat_062,float,,Feature 62 of the Molecular representation through redundancy reduced Embeddings
feat_063,float,,Feature 63 of the Molecular representation through redundancy reduced Embeddings
feat_064,float,,Feature 64 of the Molecular representation through redundancy reduced Embeddings
feat_065,float,,Feature 65 of the Molecular representation through redundancy reduced Embeddings
feat_066,float,,Feature 66 of the Molecular representation through redundancy reduced Embeddings
feat_067,float,,Feature 67 of the Molecular representation through redundancy reduced Embeddings
feat_068,float,,Feature 68 of the Molecular representation through redundancy reduced Embeddings
feat_069,float,,Feature 69 of the Molecular representation through redundancy reduced Embeddings
feat_070,float,,Feature 70 of the Molecular representation through redundancy reduced Embeddings
feat_071,float,,Feature 71 of the Molecular representation through redundancy reduced Embeddings
feat_072,float,,Feature 72 of the Molecular representation through redundancy reduced Embeddings
feat_073,float,,Feature 73 of the Molecular representation through redundancy reduced Embeddings
feat_074,float,,Feature 74 of the Molecular representation through redundancy reduced Embeddings
feat_075,float,,Feature 75 of the Molecular representation through redundancy reduced Embeddings
feat_076,float,,Feature 76 of the Molecular representation through redundancy reduced Embeddings
feat_077,float,,Feature 77 of the Molecular representation through redundancy reduced Embeddings
feat_078,float,,Feature 78 of the Molecular representation through redundancy reduced Embeddings
feat_079,float,,Feature 79 of the Molecular representation through redundancy reduced Embeddings
feat_080,float,,Feature 80 of the Molecular representation through redundancy reduced Embeddings
feat_081,float,,Feature 81 of the Molecular representation through redundancy reduced Embeddings
feat_082,float,,Feature 82 of the Molecular representation through redundancy reduced Embeddings
feat_083,float,,Feature 83 of the Molecular representation through redundancy reduced Embeddings
feat_084,float,,Feature 84 of the Molecular representation through redundancy reduced Embeddings
feat_085,float,,Feature 85 of the Molecular representation through redundancy reduced Embeddings
feat_086,float,,Feature 86 of the Molecular representation through redundancy reduced Embeddings
feat_087,float,,Feature 87 of the Molecular representation through redundancy reduced Embeddings
feat_088,float,,Feature 88 of the Molecular representation through redundancy reduced Embeddings
feat_089,float,,Feature 89 of the Molecular representation through redundancy reduced Embeddings
feat_090,float,,Feature 90 of the Molecular representation through redundancy reduced Embeddings
feat_091,float,,Feature 91 of the Molecular representation through redundancy reduced Embeddings
feat_092,float,,Feature 92 of the Molecular representation through redundancy reduced Embeddings
feat_093,float,,Feature 93 of the Molecular representation through redundancy reduced Embeddings
feat_094,float,,Feature 94 of the Molecular representation through redundancy reduced Embeddings
feat_095,float,,Feature 95 of the Molecular representation through redundancy reduced Embeddings
feat_096,float,,Feature 96 of the Molecular representation through redundancy reduced Embeddings
feat_097,float,,Feature 97 of the Molecular representation through redundancy reduced Embeddings
feat_098,float,,Feature 98 of the Molecular representation through redundancy reduced Embeddings
feat_099,float,,Feature 99 of the Molecular representation through redundancy reduced Embeddings
feat_100,float,,Feature 100 of the Molecular representation through redundancy reduced Embeddings
feat_101,float,,Feature 101 of the Molecular representation through redundancy reduced Embeddings
feat_102,float,,Feature 102 of the Molecular representation through redundancy reduced Embeddings
feat_103,float,,Feature 103 of the Molecular representation through redundancy reduced Embeddings
feat_104,float,,Feature 104 of the Molecular representation through redundancy reduced Embeddings
feat_105,float,,Feature 105 of the Molecular representation through redundancy reduced Embeddings
feat_106,float,,Feature 106 of the Molecular representation through redundancy reduced Embeddings
feat_107,float,,Feature 107 of the Molecular representation through redundancy reduced Embeddings
feat_108,float,,Feature 108 of the Molecular representation through redundancy reduced Embeddings
feat_109,float,,Feature 109 of the Molecular representation through redundancy reduced Embeddings
feat_110,float,,Feature 110 of the Molecular representation through redundancy reduced Embeddings
feat_111,float,,Feature 111 of the Molecular representation through redundancy reduced Embeddings
feat_112,float,,Feature 112 of the Molecular representation through redundancy reduced Embeddings
feat_113,float,,Feature 113 of the Molecular representation through redundancy reduced Embeddings
feat_114,float,,Feature 114 of the Molecular representation through redundancy reduced Embeddings
feat_115,float,,Feature 115 of the Molecular representation through redundancy reduced Embeddings
feat_116,float,,Feature 116 of the Molecular representation through redundancy reduced Embeddings
feat_117,float,,Feature 117 of the Molecular representation through redundancy reduced Embeddings
feat_118,float,,Feature 118 of the Molecular representation through redundancy reduced Embeddings
feat_119,float,,Feature 119 of the Molecular representation through redundancy reduced Embeddings
feat_120,float,,Feature 120 of the Molecular representation through redundancy reduced Embeddings
feat_121,float,,Feature 121 of the Molecular representation through redundancy reduced Embeddings
feat_122,float,,Feature 122 of the Molecular representation through redundancy reduced Embeddings
feat_123,float,,Feature 123 of the Molecular representation through redundancy reduced Embeddings
feat_124,float,,Feature 124 of the Molecular representation through redundancy reduced Embeddings
feat_125,float,,Feature 125 of the Molecular representation through redundancy reduced Embeddings
feat_126,float,,Feature 126 of the Molecular representation through redundancy reduced Embeddings
feat_127,float,,Feature 127 of the Molecular representation through redundancy reduced Embeddings
feat_128,float,,Feature 128 of the Molecular representation through redundancy reduced Embeddings
feat_129,float,,Feature 129 of the Molecular representation through redundancy reduced Embeddings
feat_130,float,,Feature 130 of the Molecular representation through redundancy reduced Embeddings
feat_131,float,,Feature 131 of the Molecular representation through redundancy reduced Embeddings
feat_132,float,,Feature 132 of the Molecular representation through redundancy reduced Embeddings
feat_133,float,,Feature 133 of the Molecular representation through redundancy reduced Embeddings
feat_134,float,,Feature 134 of the Molecular representation through redundancy reduced Embeddings
feat_135,float,,Feature 135 of the Molecular representation through redundancy reduced Embeddings
feat_136,float,,Feature 136 of the Molecular representation through redundancy reduced Embeddings
feat_137,float,,Feature 137 of the Molecular representation through redundancy reduced Embeddings
feat_138,float,,Feature 138 of the Molecular representation through redundancy reduced Embeddings
feat_139,float,,Feature 139 of the Molecular representation through redundancy reduced Embeddings
feat_140,float,,Feature 140 of the Molecular representation through redundancy reduced Embeddings
feat_141,float,,Feature 141 of the Molecular representation through redundancy reduced Embeddings
feat_142,float,,Feature 142 of the Molecular representation through redundancy reduced Embeddings
feat_143,float,,Feature 143 of the Molecular representation through redundancy reduced Embeddings
feat_144,float,,Feature 144 of the Molecular representation through redundancy reduced Embeddings
feat_145,float,,Feature 145 of the Molecular representation through redundancy reduced Embeddings
feat_146,float,,Feature 146 of the Molecular representation through redundancy reduced Embeddings
feat_147,float,,Feature 147 of the Molecular representation through redundancy reduced Embeddings
feat_148,float,,Feature 148 of the Molecular representation through redundancy reduced Embeddings
feat_149,float,,Feature 149 of the Molecular representation through redundancy reduced Embeddings
feat_150,float,,Feature 150 of the Molecular representation through redundancy reduced Embeddings
feat_151,float,,Feature 151 of the Molecular representation through redundancy reduced Embeddings
feat_152,float,,Feature 152 of the Molecular representation through redundancy reduced Embeddings
feat_153,float,,Feature 153 of the Molecular representation through redundancy reduced Embeddings
feat_154,float,,Feature 154 of the Molecular representation through redundancy reduced Embeddings
feat_155,float,,Feature 155 of the Molecular representation through redundancy reduced Embeddings
feat_156,float,,Feature 156 of the Molecular representation through redundancy reduced Embeddings
feat_157,float,,Feature 157 of the Molecular representation through redundancy reduced Embeddings
feat_158,float,,Feature 158 of the Molecular representation through redundancy reduced Embeddings
feat_159,float,,Feature 159 of the Molecular representation through redundancy reduced Embeddings
feat_160,float,,Feature 160 of the Molecular representation through redundancy reduced Embeddings
feat_161,float,,Feature 161 of the Molecular representation through redundancy reduced Embeddings
feat_162,float,,Feature 162 of the Molecular representation through redundancy reduced Embeddings
feat_163,float,,Feature 163 of the Molecular representation through redundancy reduced Embeddings
feat_164,float,,Feature 164 of the Molecular representation through redundancy reduced Embeddings
feat_165,float,,Feature 165 of the Molecular representation through redundancy reduced Embeddings
feat_166,float,,Feature 166 of the Molecular representation through redundancy reduced Embeddings
feat_167,float,,Feature 167 of the Molecular representation through redundancy reduced Embeddings
feat_168,float,,Feature 168 of the Molecular representation through redundancy reduced Embeddings
feat_169,float,,Feature 169 of the Molecular representation through redundancy reduced Embeddings
feat_170,float,,Feature 170 of the Molecular representation through redundancy reduced Embeddings
feat_171,float,,Feature 171 of the Molecular representation through redundancy reduced Embeddings
feat_172,float,,Feature 172 of the Molecular representation through redundancy reduced Embeddings
feat_173,float,,Feature 173 of the Molecular representation through redundancy reduced Embeddings
feat_174,float,,Feature 174 of the Molecular representation through redundancy reduced Embeddings
feat_175,float,,Feature 175 of the Molecular representation through redundancy reduced Embeddings
feat_176,float,,Feature 176 of the Molecular representation through redundancy reduced Embeddings
feat_177,float,,Feature 177 of the Molecular representation through redundancy reduced Embeddings
feat_178,float,,Feature 178 of the Molecular representation through redundancy reduced Embeddings
feat_179,float,,Feature 179 of the Molecular representation through redundancy reduced Embeddings
feat_180,float,,Feature 180 of the Molecular representation through redundancy reduced Embeddings
feat_181,float,,Feature 181 of the Molecular representation through redundancy reduced Embeddings
feat_182,float,,Feature 182 of the Molecular representation through redundancy reduced Embeddings
feat_183,float,,Feature 183 of the Molecular representation through redundancy reduced Embeddings
feat_184,float,,Feature 184 of the Molecular representation through redundancy reduced Embeddings
feat_185,float,,Feature 185 of the Molecular representation through redundancy reduced Embeddings
feat_186,float,,Feature 186 of the Molecular representation through redundancy reduced Embeddings
feat_187,float,,Feature 187 of the Molecular representation through redundancy reduced Embeddings
feat_188,float,,Feature 188 of the Molecular representation through redundancy reduced Embeddings
feat_189,float,,Feature 189 of the Molecular representation through redundancy reduced Embeddings
feat_190,float,,Feature 190 of the Molecular representation through redundancy reduced Embeddings
feat_191,float,,Feature 191 of the Molecular representation through redundancy reduced Embeddings
feat_192,float,,Feature 192 of the Molecular representation through redundancy reduced Embeddings
feat_193,float,,Feature 193 of the Molecular representation through redundancy reduced Embeddings
feat_194,float,,Feature 194 of the Molecular representation through redundancy reduced Embeddings
feat_195,float,,Feature 195 of the Molecular representation through redundancy reduced Embeddings
feat_196,float,,Feature 196 of the Molecular representation through redundancy reduced Embeddings
feat_197,float,,Feature 197 of the Molecular representation through redundancy reduced Embeddings
feat_198,float,,Feature 198 of the Molecular representation through redundancy reduced Embeddings
feat_199,float,,Feature 199 of the Molecular representation through redundancy reduced Embeddings
feat_200,float,,Feature 200 of the Molecular representation through redundancy reduced Embeddings
feat_201,float,,Feature 201 of the Molecular representation through redundancy reduced Embeddings
feat_202,float,,Feature 202 of the Molecular representation through redundancy reduced Embeddings
feat_203,float,,Feature 203 of the Molecular representation through redundancy reduced Embeddings
feat_204,float,,Feature 204 of the Molecular representation through redundancy reduced Embeddings
feat_205,float,,Feature 205 of the Molecular representation through redundancy reduced Embeddings
feat_206,float,,Feature 206 of the Molecular representation through redundancy reduced Embeddings
feat_207,float,,Feature 207 of the Molecular representation through redundancy reduced Embeddings
feat_208,float,,Feature 208 of the Molecular representation through redundancy reduced Embeddings
feat_209,float,,Feature 209 of the Molecular representation through redundancy reduced Embeddings
feat_210,float,,Feature 210 of the Molecular representation through redundancy reduced Embeddings
feat_211,float,,Feature 211 of the Molecular representation through redundancy reduced Embeddings
feat_212,float,,Feature 212 of the Molecular representation through redundancy reduced Embeddings
feat_213,float,,Feature 213 of the Molecular representation through redundancy reduced Embeddings
feat_214,float,,Feature 214 of the Molecular representation through redundancy reduced Embeddings
feat_215,float,,Feature 215 of the Molecular representation through redundancy reduced Embeddings
feat_216,float,,Feature 216 of the Molecular representation through redundancy reduced Embeddings
feat_217,float,,Feature 217 of the Molecular representation through redundancy reduced Embeddings
feat_218,float,,Feature 218 of the Molecular representation through redundancy reduced Embeddings
feat_219,float,,Feature 219 of the Molecular representation through redundancy reduced Embeddings
feat_220,float,,Feature 220 of the Molecular representation through redundancy reduced Embeddings
feat_221,float,,Feature 221 of the Molecular representation through redundancy reduced Embeddings
feat_222,float,,Feature 222 of the Molecular representation through redundancy reduced Embeddings
feat_223,float,,Feature 223 of the Molecular representation through redundancy reduced Embeddings
feat_224,float,,Feature 224 of the Molecular representation through redundancy reduced Embeddings
feat_225,float,,Feature 225 of the Molecular representation through redundancy reduced Embeddings
feat_226,float,,Feature 226 of the Molecular representation through redundancy reduced Embeddings
feat_227,float,,Feature 227 of the Molecular representation through redundancy reduced Embeddings
feat_228,float,,Feature 228 of the Molecular representation through redundancy reduced Embeddings
feat_229,float,,Feature 229 of the Molecular representation through redundancy reduced Embeddings
feat_230,float,,Feature 230 of the Molecular representation through redundancy reduced Embeddings
feat_231,float,,Feature 231 of the Molecular representation through redundancy reduced Embeddings
feat_232,float,,Feature 232 of the Molecular representation through redundancy reduced Embeddings
feat_233,float,,Feature 233 of the Molecular representation through redundancy reduced Embeddings
feat_234,float,,Feature 234 of the Molecular representation through redundancy reduced Embeddings
feat_235,float,,Feature 235 of the Molecular representation through redundancy reduced Embeddings
feat_236,float,,Feature 236 of the Molecular representation through redundancy reduced Embeddings
feat_237,float,,Feature 237 of the Molecular representation through redundancy reduced Embeddings
feat_238,float,,Feature 238 of the Molecular representation through redundancy reduced Embeddings
feat_239,float,,Feature 239 of the Molecular representation through redundancy reduced Embeddings
feat_240,float,,Feature 240 of the Molecular representation through redundancy reduced Embeddings
feat_241,float,,Feature 241 of the Molecular representation through redundancy reduced Embeddings
feat_242,float,,Feature 242 of the Molecular representation through redundancy reduced Embeddings
feat_243,float,,Feature 243 of the Molecular representation through redundancy reduced Embeddings
feat_244,float,,Feature 244 of the Molecular representation through redundancy reduced Embeddings
feat_245,float,,Feature 245 of the Molecular representation through redundancy reduced Embeddings
feat_246,float,,Feature 246 of the Molecular representation through redundancy reduced Embeddings
feat_247,float,,Feature 247 of the Molecular representation through redundancy reduced Embeddings
feat_248,float,,Feature 248 of the Molecular representation through redundancy reduced Embeddings
feat_249,float,,Feature 249 of the Molecular representation through redundancy reduced Embeddings
feat_250,float,,Feature 250 of the Molecular representation through redundancy reduced Embeddings
feat_251,float,,Feature 251 of the Molecular representation through redundancy reduced Embeddings
feat_252,float,,Feature 252 of the Molecular representation through redundancy reduced Embeddings
feat_253,float,,Feature 253 of the Molecular representation through redundancy reduced Embeddings
feat_254,float,,Feature 254 of the Molecular representation through redundancy reduced Embeddings
feat_255,float,,Feature 255 of the Molecular representation through redundancy reduced Embeddings
feat_256,float,,Feature 256 of the Molecular representation through redundancy reduced Embeddings
feat_257,float,,Feature 257 of the Molecular representation through redundancy reduced Embeddings
feat_258,float,,Feature 258 of the Molecular representation through redundancy reduced Embeddings
feat_259,float,,Feature 259 of the Molecular representation through redundancy reduced Embeddings
feat_260,float,,Feature 260 of the Molecular representation through redundancy reduced Embeddings
feat_261,float,,Feature 261 of the Molecular representation through redundancy reduced Embeddings
feat_262,float,,Feature 262 of the Molecular representation through redundancy reduced Embeddings
feat_263,float,,Feature 263 of the Molecular representation through redundancy reduced Embeddings
feat_264,float,,Feature 264 of the Molecular representation through redundancy reduced Embeddings
feat_265,float,,Feature 265 of the Molecular representation through redundancy reduced Embeddings
feat_266,float,,Feature 266 of the Molecular representation through redundancy reduced Embeddings
feat_267,float,,Feature 267 of the Molecular representation through redundancy reduced Embeddings
feat_268,float,,Feature 268 of the Molecular representation through redundancy reduced Embeddings
feat_269,float,,Feature 269 of the Molecular representation through redundancy reduced Embeddings
feat_270,float,,Feature 270 of the Molecular representation through redundancy reduced Embeddings
feat_271,float,,Feature 271 of the Molecular representation through redundancy reduced Embeddings
feat_272,float,,Feature 272 of the Molecular representation through redundancy reduced Embeddings
feat_273,float,,Feature 273 of the Molecular representation through redundancy reduced Embeddings
feat_274,float,,Feature 274 of the Molecular representation through redundancy reduced Embeddings
feat_275,float,,Feature 275 of the Molecular representation through redundancy reduced Embeddings
feat_276,float,,Feature 276 of the Molecular representation through redundancy reduced Embeddings
feat_277,float,,Feature 277 of the Molecular representation through redundancy reduced Embeddings
feat_278,float,,Feature 278 of the Molecular representation through redundancy reduced Embeddings
feat_279,float,,Feature 279 of the Molecular representation through redundancy reduced Embeddings
feat_280,float,,Feature 280 of the Molecular representation through redundancy reduced Embeddings
feat_281,float,,Feature 281 of the Molecular representation through redundancy reduced Embeddings
feat_282,float,,Feature 282 of the Molecular representation through redundancy reduced Embeddings
feat_283,float,,Feature 283 of the Molecular representation through redundancy reduced Embeddings
feat_284,float,,Feature 284 of the Molecular representation through redundancy reduced Embeddings
feat_285,float,,Feature 285 of the Molecular representation through redundancy reduced Embeddings
feat_286,float,,Feature 286 of the Molecular representation through redundancy reduced Embeddings
feat_287,float,,Feature 287 of the Molecular representation through redundancy reduced Embeddings
feat_288,float,,Feature 288 of the Molecular representation through redundancy reduced Embeddings
feat_289,float,,Feature 289 of the Molecular representation through redundancy reduced Embeddings
feat_290,float,,Feature 290 of the Molecular representation through redundancy reduced Embeddings
feat_291,float,,Feature 291 of the Molecular representation through redundancy reduced Embeddings
feat_292,float,,Feature 292 of the Molecular representation through redundancy reduced Embeddings
feat_293,float,,Feature 293 of the Molecular representation through redundancy reduced Embeddings
feat_294,float,,Feature 294 of the Molecular representation through redundancy reduced Embeddings
feat_295,float,,Feature 295 of the Molecular representation through redundancy reduced Embeddings
feat_296,float,,Feature 296 of the Molecular representation through redundancy reduced Embeddings
feat_297,float,,Feature 297 of the Molecular representation through redundancy reduced Embeddings
feat_298,float,,Feature 298 of the Molecular representation through redundancy reduced Embeddings
feat_299,float,,Feature 299 of the Molecular representation through redundancy reduced Embeddings
feat_300,float,,Feature 300 of the Molecular representation through redundancy reduced Embeddings
feat_301,float,,Feature 301 of the Molecular representation through redundancy reduced Embeddings
feat_302,float,,Feature 302 of the Molecular representation through redundancy reduced Embeddings
feat_303,float,,Feature 303 of the Molecular representation through redundancy reduced Embeddings
feat_304,float,,Feature 304 of the Molecular representation through redundancy reduced Embeddings
feat_305,float,,Feature 305 of the Molecular representation through redundancy reduced Embeddings
feat_306,float,,Feature 306 of the Molecular representation through redundancy reduced Embeddings
feat_307,float,,Feature 307 of the Molecular representation through redundancy reduced Embeddings
feat_308,float,,Feature 308 of the Molecular representation through redundancy reduced Embeddings
feat_309,float,,Feature 309 of the Molecular representation through redundancy reduced Embeddings
feat_310,float,,Feature 310 of the Molecular representation through redundancy reduced Embeddings
feat_311,float,,Feature 311 of the Molecular representation through redundancy reduced Embeddings
feat_312,float,,Feature 312 of the Molecular representation through redundancy reduced Embeddings
feat_313,float,,Feature 313 of the Molecular representation through redundancy reduced Embeddings
feat_314,float,,Feature 314 of the Molecular representation through redundancy reduced Embeddings
feat_315,float,,Feature 315 of the Molecular representation through redundancy reduced Embeddings
feat_316,float,,Feature 316 of the Molecular representation through redundancy reduced Embeddings
feat_317,float,,Feature 317 of the Molecular representation through redundancy reduced Embeddings
feat_318,float,,Feature 318 of the Molecular representation through redundancy reduced Embeddings
feat_319,float,,Feature 319 of the Molecular representation through redundancy reduced Embeddings
feat_320,float,,Feature 320 of the Molecular representation through redundancy reduced Embeddings
feat_321,float,,Feature 321 of the Molecular representation through redundancy reduced Embeddings
feat_322,float,,Feature 322 of the Molecular representation through redundancy reduced Embeddings
feat_323,float,,Feature 323 of the Molecular representation through redundancy reduced Embeddings
feat_324,float,,Feature 324 of the Molecular representation through redundancy reduced Embeddings
feat_325,float,,Feature 325 of the Molecular representation through redundancy reduced Embeddings
feat_326,float,,Feature 326 of the Molecular representation through redundancy reduced Embeddings
feat_327,float,,Feature 327 of the Molecular representation through redundancy reduced Embeddings
feat_328,float,,Feature 328 of the Molecular representation through redundancy reduced Embeddings
feat_329,float,,Feature 329 of the Molecular representation through redundancy reduced Embeddings
feat_330,float,,Feature 330 of the Molecular representation through redundancy reduced Embeddings
feat_331,float,,Feature 331 of the Molecular representation through redundancy reduced Embeddings
feat_332,float,,Feature 332 of the Molecular representation through redundancy reduced Embeddings
feat_333,float,,Feature 333 of the Molecular representation through redundancy reduced Embeddings
feat_334,float,,Feature 334 of the Molecular representation through redundancy reduced Embeddings
feat_335,float,,Feature 335 of the Molecular representation through redundancy reduced Embeddings
feat_336,float,,Feature 336 of the Molecular representation through redundancy reduced Embeddings
feat_337,float,,Feature 337 of the Molecular representation through redundancy reduced Embeddings
feat_338,float,,Feature 338 of the Molecular representation through redundancy reduced Embeddings
feat_339,float,,Feature 339 of the Molecular representation through redundancy reduced Embeddings
feat_340,float,,Feature 340 of the Molecular representation through redundancy reduced Embeddings
feat_341,float,,Feature 341 of the Molecular representation through redundancy reduced Embeddings
feat_342,float,,Feature 342 of the Molecular representation through redundancy reduced Embeddings
feat_343,float,,Feature 343 of the Molecular representation through redundancy reduced Embeddings
feat_344,float,,Feature 344 of the Molecular representation through redundancy reduced Embeddings
feat_345,float,,Feature 345 of the Molecular representation through redundancy reduced Embeddings
feat_346,float,,Feature 346 of the Molecular representation through redundancy reduced Embeddings
feat_347,float,,Feature 347 of the Molecular representation through redundancy reduced Embeddings
feat_348,float,,Feature 348 of the Molecular representation through redundancy reduced Embeddings
feat_349,float,,Feature 349 of the Molecular representation through redundancy reduced Embeddings
feat_350,float,,Feature 350 of the Molecular representation through redundancy reduced Embeddings
feat_351,float,,Feature 351 of the Molecular representation through redundancy reduced Embeddings
feat_352,float,,Feature 352 of the Molecular representation through redundancy reduced Embeddings
feat_353,float,,Feature 353 of the Molecular representation through redundancy reduced Embeddings
feat_354,float,,Feature 354 of the Molecular representation through redundancy reduced Embeddings
feat_355,float,,Feature 355 of the Molecular representation through redundancy reduced Embeddings
feat_356,float,,Feature 356 of the Molecular representation through redundancy reduced Embeddings
feat_357,float,,Feature 357 of the Molecular representation through redundancy reduced Embeddings
feat_358,float,,Feature 358 of the Molecular representation through redundancy reduced Embeddings
feat_359,float,,Feature 359 of the Molecular representation through redundancy reduced Embeddings
feat_360,float,,Feature 360 of the Molecular representation through redundancy reduced Embeddings
feat_361,float,,Feature 361 of the Molecular representation through redundancy reduced Embeddings
feat_362,float,,Feature 362 of the Molecular representation through redundancy reduced Embeddings
feat_363,float,,Feature 363 of the Molecular representation through redundancy reduced Embeddings
feat_364,float,,Feature 364 of the Molecular representation through redundancy reduced Embeddings
feat_365,float,,Feature 365 of the Molecular representation through redundancy reduced Embeddings
feat_366,float,,Feature 366 of the Molecular representation through redundancy reduced Embeddings
feat_367,float,,Feature 367 of the Molecular representation through redundancy reduced Embeddings
feat_368,float,,Feature 368 of the Molecular representation through redundancy reduced Embeddings
feat_369,float,,Feature 369 of the Molecular representation through redundancy reduced Embeddings
feat_370,float,,Feature 370 of the Molecular representation through redundancy reduced Embeddings
feat_371,float,,Feature 371 of the Molecular representation through redundancy reduced Embeddings
feat_372,float,,Feature 372 of the Molecular representation through redundancy reduced Embeddings
feat_373,float,,Feature 373 of the Molecular representation through redundancy reduced Embeddings
feat_374,float,,Feature 374 of the Molecular representation through redundancy reduced Embeddings
feat_375,float,,Feature 375 of the Molecular representation through redundancy reduced Embeddings
feat_376,float,,Feature 376 of the Molecular representation through redundancy reduced Embeddings
feat_377,float,,Feature 377 of the Molecular representation through redundancy reduced Embeddings
feat_378,float,,Feature 378 of the Molecular representation through redundancy reduced Embeddings
feat_379,float,,Feature 379 of the Molecular representation through redundancy reduced Embeddings
feat_380,float,,Feature 380 of the Molecular representation through redundancy reduced Embeddings
feat_381,float,,Feature 381 of the Molecular representation through redundancy reduced Embeddings
feat_382,float,,Feature 382 of the Molecular representation through redundancy reduced Embeddings
feat_383,float,,Feature 383 of the Molecular representation through redundancy reduced Embeddings
feat_384,float,,Feature 384 of the Molecular representation through redundancy reduced Embeddings
feat_385,float,,Feature 385 of the Molecular representation through redundancy reduced Embeddings
feat_386,float,,Feature 386 of the Molecular representation through redundancy reduced Embeddings
feat_387,float,,Feature 387 of the Molecular representation through redundancy reduced Embeddings
feat_388,float,,Feature 388 of the Molecular representation through redundancy reduced Embeddings
feat_389,float,,Feature 389 of the Molecular representation through redundancy reduced Embeddings
feat_390,float,,Feature 390 of the Molecular representation through redundancy reduced Embeddings
feat_391,float,,Feature 391 of the Molecular representation through redundancy reduced Embeddings
feat_392,float,,Feature 392 of the Molecular representation through redundancy reduced Embeddings
feat_393,float,,Feature 393 of the Molecular representation through redundancy reduced Embeddings
feat_394,float,,Feature 394 of the Molecular representation through redundancy reduced Embeddings
feat_395,float,,Feature 395 of the Molecular representation through redundancy reduced Embeddings
feat_396,float,,Feature 396 of the Molecular representation through redundancy reduced Embeddings
feat_397,float,,Feature 397 of the Molecular representation through redundancy reduced Embeddings
feat_398,float,,Feature 398 of the Molecular representation through redundancy reduced Embeddings
feat_399,float,,Feature 399 of the Molecular representation through redundancy reduced Embeddings
feat_400,float,,Feature 400 of the Molecular representation through redundancy reduced Embeddings
feat_401,float,,Feature 401 of the Molecular representation through redundancy reduced Embeddings
feat_402,float,,Feature 402 of the Molecular representation through redundancy reduced Embeddings
feat_403,float,,Feature 403 of the Molecular representation through redundancy reduced Embeddings
feat_404,float,,Feature 404 of the Molecular representation through redundancy reduced Embeddings
feat_405,float,,Feature 405 of the Molecular representation through redundancy reduced Embeddings
feat_406,float,,Feature 406 of the Molecular representation through redundancy reduced Embeddings
feat_407,float,,Feature 407 of the Molecular representation through redundancy reduced Embeddings
feat_408,float,,Feature 408 of the Molecular representation through redundancy reduced Embeddings
feat_409,float,,Feature 409 of the Molecular representation through redundancy reduced Embeddings
feat_410,float,,Feature 410 of the Molecular representation through redundancy reduced Embeddings
feat_411,float,,Feature 411 of the Molecular representation through redundancy reduced Embeddings
feat_412,float,,Feature 412 of the Molecular representation through redundancy reduced Embeddings
feat_413,float,,Feature 413 of the Molecular representation through redundancy reduced Embeddings
feat_414,float,,Feature 414 of the Molecular representation through redundancy reduced Embeddings
feat_415,float,,Feature 415 of the Molecular representation through redundancy reduced Embeddings
feat_416,float,,Feature 416 of the Molecular representation through redundancy reduced Embeddings
feat_417,float,,Feature 417 of the Molecular representation through redundancy reduced Embeddings
feat_418,float,,Feature 418 of the Molecular representation through redundancy reduced Embeddings
feat_419,float,,Feature 419 of the Molecular representation through redundancy reduced Embeddings
feat_420,float,,Feature 420 of the Molecular representation through redundancy reduced Embeddings
feat_421,float,,Feature 421 of the Molecular representation through redundancy reduced Embeddings
feat_422,float,,Feature 422 of the Molecular representation through redundancy reduced Embeddings
feat_423,float,,Feature 423 of the Molecular representation through redundancy reduced Embeddings
feat_424,float,,Feature 424 of the Molecular representation through redundancy reduced Embeddings
feat_425,float,,Feature 425 of the Molecular representation through redundancy reduced Embeddings
feat_426,float,,Feature 426 of the Molecular representation through redundancy reduced Embeddings
feat_427,float,,Feature 427 of the Molecular representation through redundancy reduced Embeddings
feat_428,float,,Feature 428 of the Molecular representation through redundancy reduced Embeddings
feat_429,float,,Feature 429 of the Molecular representation through redundancy reduced Embeddings
feat_430,float,,Feature 430 of the Molecular representation through redundancy reduced Embeddings
feat_431,float,,Feature 431 of the Molecular representation through redundancy reduced Embeddings
feat_432,float,,Feature 432 of the Molecular representation through redundancy reduced Embeddings
feat_433,float,,Feature 433 of the Molecular representation through redundancy reduced Embeddings
feat_434,float,,Feature 434 of the Molecular representation through redundancy reduced Embeddings
feat_435,float,,Feature 435 of the Molecular representation through redundancy reduced Embeddings
feat_436,float,,Feature 436 of the Molecular representation through redundancy reduced Embeddings
feat_437,float,,Feature 437 of the Molecular representation through redundancy reduced Embeddings
feat_438,float,,Feature 438 of the Molecular representation through redundancy reduced Embeddings
feat_439,float,,Feature 439 of the Molecular representation through redundancy reduced Embeddings
feat_440,float,,Feature 440 of the Molecular representation through redundancy reduced Embeddings
feat_441,float,,Feature 441 of the Molecular representation through redundancy reduced Embeddings
feat_442,float,,Feature 442 of the Molecular representation through redundancy reduced Embeddings
feat_443,float,,Feature 443 of the Molecular representation through redundancy reduced Embeddings
feat_444,float,,Feature 444 of the Molecular representation through redundancy reduced Embeddings
feat_445,float,,Feature 445 of the Molecular representation through redundancy reduced Embeddings
feat_446,float,,Feature 446 of the Molecular representation through redundancy reduced Embeddings
feat_447,float,,Feature 447 of the Molecular representation through redundancy reduced Embeddings
feat_448,float,,Feature 448 of the Molecular representation through redundancy reduced Embeddings
feat_449,float,,Feature 449 of the Molecular representation through redundancy reduced Embeddings
feat_450,float,,Feature 450 of the Molecular representation through redundancy reduced Embeddings
feat_451,float,,Feature 451 of the Molecular representation through redundancy reduced Embeddings
feat_452,float,,Feature 452 of the Molecular representation through redundancy reduced Embeddings
feat_453,float,,Feature 453 of the Molecular representation through redundancy reduced Embeddings
feat_454,float,,Feature 454 of the Molecular representation through redundancy reduced Embeddings
feat_455,float,,Feature 455 of the Molecular representation through redundancy reduced Embeddings
feat_456,float,,Feature 456 of the Molecular representation through redundancy reduced Embeddings
feat_457,float,,Feature 457 of the Molecular representation through redundancy reduced Embeddings
feat_458,float,,Feature 458 of the Molecular representation through redundancy reduced Embeddings
feat_459,float,,Feature 459 of the Molecular representation through redundancy reduced Embeddings
feat_460,float,,Feature 460 of the Molecular representation through redundancy reduced Embeddings
feat_461,float,,Feature 461 of the Molecular representation through redundancy reduced Embeddings
feat_462,float,,Feature 462 of the Molecular representation through redundancy reduced Embeddings
feat_463,float,,Feature 463 of the Molecular representation through redundancy reduced Embeddings
feat_464,float,,Feature 464 of the Molecular representation through redundancy reduced Embeddings
feat_465,float,,Feature 465 of the Molecular representation through redundancy reduced Embeddings
feat_466,float,,Feature 466 of the Molecular representation through redundancy reduced Embeddings
feat_467,float,,Feature 467 of the Molecular representation through redundancy reduced Embeddings
feat_468,float,,Feature 468 of the Molecular representation through redundancy reduced Embeddings
feat_469,float,,Feature 469 of the Molecular representation through redundancy reduced Embeddings
feat_470,float,,Feature 470 of the Molecular representation through redundancy reduced Embeddings
feat_471,float,,Feature 471 of the Molecular representation through redundancy reduced Embeddings
feat_472,float,,Feature 472 of the Molecular representation through redundancy reduced Embeddings
feat_473,float,,Feature 473 of the Molecular representation through redundancy reduced Embeddings
feat_474,float,,Feature 474 of the Molecular representation through redundancy reduced Embeddings
feat_475,float,,Feature 475 of the Molecular representation through redundancy reduced Embeddings
feat_476,float,,Feature 476 of the Molecular representation through redundancy reduced Embeddings
feat_477,float,,Feature 477 of the Molecular representation through redundancy reduced Embeddings
feat_478,float,,Feature 478 of the Molecular representation through redundancy reduced Embeddings
feat_479,float,,Feature 479 of the Molecular representation through redundancy reduced Embeddings
feat_480,float,,Feature 480 of the Molecular representation through redundancy reduced Embeddings
feat_481,float,,Feature 481 of the Molecular representation through redundancy reduced Embeddings
feat_482,float,,Feature 482 of the Molecular representation through redundancy reduced Embeddings
feat_483,float,,Feature 483 of the Molecular representation through redundancy reduced Embeddings
feat_484,float,,Feature 484 of the Molecular representation through redundancy reduced Embeddings
feat_485,float,,Feature 485 of the Molecular representation through redundancy reduced Embeddings
feat_486,float,,Feature 486 of the Molecular representation through redundancy reduced Embeddings
feat_487,float,,Feature 487 of the Molecular representation through redundancy reduced Embeddings
feat_488,float,,Feature 488 of the Molecular representation through redundancy reduced Embeddings
feat_489,float,,Feature 489 of the Molecular representation through redundancy reduced Embeddings
feat_490,float,,Feature 490 of the Molecular representation through redundancy reduced Embeddings
feat_491,float,,Feature 491 of the Molecular representation through redundancy reduced Embeddings
feat_492,float,,Feature 492 of the Molecular representation through redundancy reduced Embeddings
feat_493,float,,Feature 493 of the Molecular representation through redundancy reduced Embeddings
feat_494,float,,Feature 494 of the Molecular representation through redundancy reduced Embeddings
feat_495,float,,Feature 495 of the Molecular representation through redundancy reduced Embeddings
feat_496,float,,Feature 496 of the Molecular representation through redundancy reduced Embeddings
feat_497,float,,Feature 497 of the Molecular representation through redundancy reduced Embeddings
feat_498,float,,Feature 498 of the Molecular representation through redundancy reduced Embeddings
feat_499,float,,Feature 499 of the Molecular representation through redundancy reduced Embeddings
feat_500,float,,Feature 500 of the Molecular representation through redundancy reduced Embeddings
feat_501,float,,Feature 501 of the Molecular representation through redundancy reduced Embeddings
feat_502,float,,Feature 502 of the Molecular representation through redundancy reduced Embeddings
feat_503,float,,Feature 503 of the Molecular representation through redundancy reduced Embeddings
feat_504,float,,Feature 504 of the Molecular representation through redundancy reduced Embeddings
feat_505,float,,Feature 505 of the Molecular representation through redundancy reduced Embeddings
feat_506,float,,Feature 506 of the Molecular representation through redundancy reduced Embeddings
feat_507,float,,Feature 507 of the Molecular representation through redundancy reduced Embeddings
feat_508,float,,Feature 508 of the Molecular representation through redundancy reduced Embeddings
feat_509,float,,Feature 509 of the Molecular representation through redundancy reduced Embeddings
feat_510,float,,Feature 510 of the Molecular representation through redundancy reduced Embeddings
feat_511,float,,Feature 511 of the Molecular representation through redundancy reduced Embeddings
feat_512,float,,Feature 512 of the Molecular representation through redundancy reduced Embeddings
feat_513,float,,Feature 513 of the Molecular representation through redundancy reduced Embeddings
feat_514,float,,Feature 514 of the Molecular representation through redundancy reduced Embeddings
feat_515,float,,Feature 515 of the Molecular representation through redundancy reduced Embeddings
feat_516,float,,Feature 516 of the Molecular representation through redundancy reduced Embeddings
feat_517,float,,Feature 517 of the Molecular representation through redundancy reduced Embeddings
feat_518,float,,Feature 518 of the Molecular representation through redundancy reduced Embeddings
feat_519,float,,Feature 519 of the Molecular representation through redundancy reduced Embeddings
feat_520,float,,Feature 520 of the Molecular representation through redundancy reduced Embeddings
feat_521,float,,Feature 521 of the Molecular representation through redundancy reduced Embeddings
feat_522,float,,Feature 522 of the Molecular representation through redundancy reduced Embeddings
feat_523,float,,Feature 523 of the Molecular representation through redundancy reduced Embeddings
feat_524,float,,Feature 524 of the Molecular representation through redundancy reduced Embeddings
feat_525,float,,Feature 525 of the Molecular representation through redundancy reduced Embeddings
feat_526,float,,Feature 526 of the Molecular representation through redundancy reduced Embeddings
feat_527,float,,Feature 527 of the Molecular representation through redundancy reduced Embeddings
feat_528,float,,Feature 528 of the Molecular representation through redundancy reduced Embeddings
feat_529,float,,Feature 529 of the Molecular representation through redundancy reduced Embeddings
feat_530,float,,Feature 530 of the Molecular representation through redundancy reduced Embeddings
feat_531,float,,Feature 531 of the Molecular representation through redundancy reduced Embeddings
feat_532,float,,Feature 532 of the Molecular representation through redundancy reduced Embeddings
feat_533,float,,Feature 533 of the Molecular representation through redundancy reduced Embeddings
feat_534,float,,Feature 534 of the Molecular representation through redundancy reduced Embeddings
feat_535,float,,Feature 535 of the Molecular representation through redundancy reduced Embeddings
feat_536,float,,Feature 536 of the Molecular representation through redundancy reduced Embeddings
feat_537,float,,Feature 537 of the Molecular representation through redundancy reduced Embeddings
feat_538,float,,Feature 538 of the Molecular representation through redundancy reduced Embeddings
feat_539,float,,Feature 539 of the Molecular representation through redundancy reduced Embeddings
feat_540,float,,Feature 540 of the Molecular representation through redundancy reduced Embeddings
feat_541,float,,Feature 541 of the Molecular representation through redundancy reduced Embeddings
feat_542,float,,Feature 542 of the Molecular representation through redundancy reduced Embeddings
feat_543,float,,Feature 543 of the Molecular representation through redundancy reduced Embeddings
feat_544,float,,Feature 544 of the Molecular representation through redundancy reduced Embeddings
feat_545,float,,Feature 545 of the Molecular representation through redundancy reduced Embeddings
feat_546,float,,Feature 546 of the Molecular representation through redundancy reduced Embeddings
feat_547,float,,Feature 547 of the Molecular representation through redundancy reduced Embeddings
feat_548,float,,Feature 548 of the Molecular representation through redundancy reduced Embeddings
feat_549,float,,Feature 549 of the Molecular representation through redundancy reduced Embeddings
feat_550,float,,Feature 550 of the Molecular representation through redundancy reduced Embeddings
feat_551,float,,Feature 551 of the Molecular representation through redundancy reduced Embeddings
feat_552,float,,Feature 552 of the Molecular representation through redundancy reduced Embeddings
feat_553,float,,Feature 553 of the Molecular representation through redundancy reduced Embeddings
feat_554,float,,Feature 554 of the Molecular representation through redundancy reduced Embeddings
feat_555,float,,Feature 555 of the Molecular representation through redundancy reduced Embeddings
feat_556,float,,Feature 556 of the Molecular representation through redundancy reduced Embeddings
feat_557,float,,Feature 557 of the Molecular representation through redundancy reduced Embeddings
feat_558,float,,Feature 558 of the Molecular representation through redundancy reduced Embeddings
feat_559,float,,Feature 559 of the Molecular representation through redundancy reduced Embeddings
feat_560,float,,Feature 560 of the Molecular representation through redundancy reduced Embeddings
feat_561,float,,Feature 561 of the Molecular representation through redundancy reduced Embeddings
feat_562,float,,Feature 562 of the Molecular representation through redundancy reduced Embeddings
feat_563,float,,Feature 563 of the Molecular representation through redundancy reduced Embeddings
feat_564,float,,Feature 564 of the Molecular representation through redundancy reduced Embeddings
feat_565,float,,Feature 565 of the Molecular representation through redundancy reduced Embeddings
feat_566,float,,Feature 566 of the Molecular representation through redundancy reduced Embeddings
feat_567,float,,Feature 567 of the Molecular representation through redundancy reduced Embeddings
feat_568,float,,Feature 568 of the Molecular representation through redundancy reduced Embeddings
feat_569,float,,Feature 569 of the Molecular representation through redundancy reduced Embeddings
feat_570,float,,Feature 570 of the Molecular representation through redundancy reduced Embeddings
feat_571,float,,Feature 571 of the Molecular representation through redundancy reduced Embeddings
feat_572,float,,Feature 572 of the Molecular representation through redundancy reduced Embeddings
feat_573,float,,Feature 573 of the Molecular representation through redundancy reduced Embeddings
feat_574,float,,Feature 574 of the Molecular representation through redundancy reduced Embeddings
feat_575,float,,Feature 575 of the Molecular representation through redundancy reduced Embeddings
feat_576,float,,Feature 576 of the Molecular representation through redundancy reduced Embeddings
feat_577,float,,Feature 577 of the Molecular representation through redundancy reduced Embeddings
feat_578,float,,Feature 578 of the Molecular representation through redundancy reduced Embeddings
feat_579,float,,Feature 579 of the Molecular representation through redundancy reduced Embeddings
feat_580,float,,Feature 580 of the Molecular representation through redundancy reduced Embeddings
feat_581,float,,Feature 581 of the Molecular representation through redundancy reduced Embeddings
feat_582,float,,Feature 582 of the Molecular representation through redundancy reduced Embeddings
feat_583,float,,Feature 583 of the Molecular representation through redundancy reduced Embeddings
feat_584,float,,Feature 584 of the Molecular representation through redundancy reduced Embeddings
feat_585,float,,Feature 585 of the Molecular representation through redundancy reduced Embeddings
feat_586,float,,Feature 586 of the Molecular representation through redundancy reduced Embeddings
feat_587,float,,Feature 587 of the Molecular representation through redundancy reduced Embeddings
feat_588,float,,Feature 588 of the Molecular representation through redundancy reduced Embeddings
feat_589,float,,Feature 589 of the Molecular representation through redundancy reduced Embeddings
feat_590,float,,Feature 590 of the Molecular representation through redundancy reduced Embeddings
feat_591,float,,Feature 591 of the Molecular representation through redundancy reduced Embeddings
feat_592,float,,Feature 592 of the Molecular representation through redundancy reduced Embeddings
feat_593,float,,Feature 593 of the Molecular representation through redundancy reduced Embeddings
feat_594,float,,Feature 594 of the Molecular representation through redundancy reduced Embeddings
feat_595,float,,Feature 595 of the Molecular representation through redundancy reduced Embeddings
feat_596,float,,Feature 596 of the Molecular representation through redundancy reduced Embeddings
feat_597,float,,Feature 597 of the Molecular representation through redundancy reduced Embeddings
feat_598,float,,Feature 598 of the Molecular representation through redundancy reduced Embeddings
feat_599,float,,Feature 599 of the Molecular representation through redundancy reduced Embeddings
feat_600,float,,Feature 600 of the Molecular representation through redundancy reduced Embeddings
feat_601,float,,Feature 601 of the Molecular representation through redundancy reduced Embeddings
feat_602,float,,Feature 602 of the Molecular representation through redundancy reduced Embeddings
feat_603,float,,Feature 603 of the Molecular representation through redundancy reduced Embeddings
feat_604,float,,Feature 604 of the Molecular representation through redundancy reduced Embeddings
feat_605,float,,Feature 605 of the Molecular representation through redundancy reduced Embeddings
feat_606,float,,Feature 606 of the Molecular representation through redundancy reduced Embeddings
feat_607,float,,Feature 607 of the Molecular representation through redundancy reduced Embeddings
feat_608,float,,Feature 608 of the Molecular representation through redundancy reduced Embeddings
feat_609,float,,Feature 609 of the Molecular representation through redundancy reduced Embeddings
feat_610,float,,Feature 610 of the Molecular representation through redundancy reduced Embeddings
feat_611,float,,Feature 611 of the Molecular representation through redundancy reduced Embeddings
feat_612,float,,Feature 612 of the Molecular representation through redundancy reduced Embeddings
feat_613,float,,Feature 613 of the Molecular representation through redundancy reduced Embeddings
feat_614,float,,Feature 614 of the Molecular representation through redundancy reduced Embeddings
feat_615,float,,Feature 615 of the Molecular representation through redundancy reduced Embeddings
feat_616,float,,Feature 616 of the Molecular representation through redundancy reduced Embeddings
feat_617,float,,Feature 617 of the Molecular representation through redundancy reduced Embeddings
feat_618,float,,Feature 618 of the Molecular representation through redundancy reduced Embeddings
feat_619,float,,Feature 619 of the Molecular representation through redundancy reduced Embeddings
feat_620,float,,Feature 620 of the Molecular representation through redundancy reduced Embeddings
feat_621,float,,Feature 621 of the Molecular representation through redundancy reduced Embeddings
feat_622,float,,Feature 622 of the Molecular representation through redundancy reduced Embeddings
feat_623,float,,Feature 623 of the Molecular representation through redundancy reduced Embeddings
feat_624,float,,Feature 624 of the Molecular representation through redundancy reduced Embeddings
feat_625,float,,Feature 625 of the Molecular representation through redundancy reduced Embeddings
feat_626,float,,Feature 626 of the Molecular representation through redundancy reduced Embeddings
feat_627,float,,Feature 627 of the Molecular representation through redundancy reduced Embeddings
feat_628,float,,Feature 628 of the Molecular representation through redundancy reduced Embeddings
feat_629,float,,Feature 629 of the Molecular representation through redundancy reduced Embeddings
feat_630,float,,Feature 630 of the Molecular representation through redundancy reduced Embeddings
feat_631,float,,Feature 631 of the Molecular representation through redundancy reduced Embeddings
feat_632,float,,Feature 632 of the Molecular representation through redundancy reduced Embeddings
feat_633,float,,Feature 633 of the Molecular representation through redundancy reduced Embeddings
feat_634,float,,Feature 634 of the Molecular representation through redundancy reduced Embeddings
feat_635,float,,Feature 635 of the Molecular representation through redundancy reduced Embeddings
feat_636,float,,Feature 636 of the Molecular representation through redundancy reduced Embeddings
feat_637,float,,Feature 637 of the Molecular representation through redundancy reduced Embeddings
feat_638,float,,Feature 638 of the Molecular representation through redundancy reduced Embeddings
feat_639,float,,Feature 639 of the Molecular representation through redundancy reduced Embeddings
feat_640,float,,Feature 640 of the Molecular representation through redundancy reduced Embeddings
feat_641,float,,Feature 641 of the Molecular representation through redundancy reduced Embeddings
feat_642,float,,Feature 642 of the Molecular representation through redundancy reduced Embeddings
feat_643,float,,Feature 643 of the Molecular representation through redundancy reduced Embeddings
feat_644,float,,Feature 644 of the Molecular representation through redundancy reduced Embeddings
feat_645,float,,Feature 645 of the Molecular representation through redundancy reduced Embeddings
feat_646,float,,Feature 646 of the Molecular representation through redundancy reduced Embeddings
feat_647,float,,Feature 647 of the Molecular representation through redundancy reduced Embeddings
feat_648,float,,Feature 648 of the Molecular representation through redundancy reduced Embeddings
feat_649,float,,Feature 649 of the Molecular representation through redundancy reduced Embeddings
feat_650,float,,Feature 650 of the Molecular representation through redundancy reduced Embeddings
feat_651,float,,Feature 651 of the Molecular representation through redundancy reduced Embeddings
feat_652,float,,Feature 652 of the Molecular representation through redundancy reduced Embeddings
feat_653,float,,Feature 653 of the Molecular representation through redundancy reduced Embeddings
feat_654,float,,Feature 654 of the Molecular representation through redundancy reduced Embeddings
feat_655,float,,Feature 655 of the Molecular representation through redundancy reduced Embeddings
feat_656,float,,Feature 656 of the Molecular representation through redundancy reduced Embeddings
feat_657,float,,Feature 657 of the Molecular representation through redundancy reduced Embeddings
feat_658,float,,Feature 658 of the Molecular representation through redundancy reduced Embeddings
feat_659,float,,Feature 659 of the Molecular representation through redundancy reduced Embeddings
feat_660,float,,Feature 660 of the Molecular representation through redundancy reduced Embeddings
feat_661,float,,Feature 661 of the Molecular representation through redundancy reduced Embeddings
feat_662,float,,Feature 662 of the Molecular representation through redundancy reduced Embeddings
feat_663,float,,Feature 663 of the Molecular representation through redundancy reduced Embeddings
feat_664,float,,Feature 664 of the Molecular representation through redundancy reduced Embeddings
feat_665,float,,Feature 665 of the Molecular representation through redundancy reduced Embeddings
feat_666,float,,Feature 666 of the Molecular representation through redundancy reduced Embeddings
feat_667,float,,Feature 667 of the Molecular representation through redundancy reduced Embeddings
feat_668,float,,Feature 668 of the Molecular representation through redundancy reduced Embeddings
feat_669,float,,Feature 669 of the Molecular representation through redundancy reduced Embeddings
feat_670,float,,Feature 670 of the Molecular representation through redundancy reduced Embeddings
feat_671,float,,Feature 671 of the Molecular representation through redundancy reduced Embeddings
feat_672,float,,Feature 672 of the Molecular representation through redundancy reduced Embeddings
feat_673,float,,Feature 673 of the Molecular representation through redundancy reduced Embeddings
feat_674,float,,Feature 674 of the Molecular representation through redundancy reduced Embeddings
feat_675,float,,Feature 675 of the Molecular representation through redundancy reduced Embeddings
feat_676,float,,Feature 676 of the Molecular representation through redundancy reduced Embeddings
feat_677,float,,Feature 677 of the Molecular representation through redundancy reduced Embeddings
feat_678,float,,Feature 678 of the Molecular representation through redundancy reduced Embeddings
feat_679,float,,Feature 679 of the Molecular representation through redundancy reduced Embeddings
feat_680,float,,Feature 680 of the Molecular representation through redundancy reduced Embeddings
feat_681,float,,Feature 681 of the Molecular representation through redundancy reduced Embeddings
feat_682,float,,Feature 682 of the Molecular representation through redundancy reduced Embeddings
feat_683,float,,Feature 683 of the Molecular representation through redundancy reduced Embeddings
feat_684,float,,Feature 684 of the Molecular representation through redundancy reduced Embeddings
feat_685,float,,Feature 685 of the Molecular representation through redundancy reduced Embeddings
feat_686,float,,Feature 686 of the Molecular representation through redundancy reduced Embeddings
feat_687,float,,Feature 687 of the Molecular representation through redundancy reduced Embeddings
feat_688,float,,Feature 688 of the Molecular representation through redundancy reduced Embeddings
feat_689,float,,Feature 689 of the Molecular representation through redundancy reduced Embeddings
feat_690,float,,Feature 690 of the Molecular representation through redundancy reduced Embeddings
feat_691,float,,Feature 691 of the Molecular representation through redundancy reduced Embeddings
feat_692,float,,Feature 692 of the Molecular representation through redundancy reduced Embeddings
feat_693,float,,Feature 693 of the Molecular representation through redundancy reduced Embeddings
feat_694,float,,Feature 694 of the Molecular representation through redundancy reduced Embeddings
feat_695,float,,Feature 695 of the Molecular representation through redundancy reduced Embeddings
feat_696,float,,Feature 696 of the Molecular representation through redundancy reduced Embeddings
feat_697,float,,Feature 697 of the Molecular representation through redundancy reduced Embeddings
feat_698,float,,Feature 698 of the Molecular representation through redundancy reduced Embeddings
feat_699,float,,Feature 699 of the Molecular representation through redundancy reduced Embeddings
feat_700,float,,Feature 700 of the Molecular representation through redundancy reduced Embeddings
feat_701,float,,Feature 701 of the Molecular representation through redundancy reduced Embeddings
feat_702,float,,Feature 702 of the Molecular representation through redundancy reduced Embeddings
feat_703,float,,Feature 703 of the Molecular representation through redundancy reduced Embeddings
feat_704,float,,Feature 704 of the Molecular representation through redundancy reduced Embeddings
feat_705,float,,Feature 705 of the Molecular representation through redundancy reduced Embeddings
feat_706,float,,Feature 706 of the Molecular representation through redundancy reduced Embeddings
feat_707,float,,Feature 707 of the Molecular representation through redundancy reduced Embeddings
feat_708,float,,Feature 708 of the Molecular representation through redundancy reduced Embeddings
feat_709,float,,Feature 709 of the Molecular representation through redundancy reduced Embeddings
feat_710,float,,Feature 710 of the Molecular representation through redundancy reduced Embeddings
feat_711,float,,Feature 711 of the Molecular representation through redundancy reduced Embeddings
feat_712,float,,Feature 712 of the Molecular representation through redundancy reduced Embeddings
feat_713,float,,Feature 713 of the Molecular representation through redundancy reduced Embeddings
feat_714,float,,Feature 714 of the Molecular representation through redundancy reduced Embeddings
feat_715,float,,Feature 715 of the Molecular representation through redundancy reduced Embeddings
feat_716,float,,Feature 716 of the Molecular representation through redundancy reduced Embeddings
feat_717,float,,Feature 717 of the Molecular representation through redundancy reduced Embeddings
feat_718,float,,Feature 718 of the Molecular representation through redundancy reduced Embeddings
feat_719,float,,Feature 719 of the Molecular representation through redundancy reduced Embeddings
feat_720,float,,Feature 720 of the Molecular representation through redundancy reduced Embeddings
feat_721,float,,Feature 721 of the Molecular representation through redundancy reduced Embeddings
feat_722,float,,Feature 722 of the Molecular representation through redundancy reduced Embeddings
feat_723,float,,Feature 723 of the Molecular representation through redundancy reduced Embeddings
feat_724,float,,Feature 724 of the Molecular representation through redundancy reduced Embeddings
feat_725,float,,Feature 725 of the Molecular representation through redundancy reduced Embeddings
feat_726,float,,Feature 726 of the Molecular representation through redundancy reduced Embeddings
feat_727,float,,Feature 727 of the Molecular representation through redundancy reduced Embeddings
feat_728,float,,Feature 728 of the Molecular representation through redundancy reduced Embeddings
feat_729,float,,Feature 729 of the Molecular representation through redundancy reduced Embeddings
feat_730,float,,Feature 730 of the Molecular representation through redundancy reduced Embeddings
feat_731,float,,Feature 731 of the Molecular representation through redundancy reduced Embeddings
feat_732,float,,Feature 732 of the Molecular representation through redundancy reduced Embeddings
feat_733,float,,Feature 733 of the Molecular representation through redundancy reduced Embeddings
feat_734,float,,Feature 734 of the Molecular representation through redundancy reduced Embeddings
feat_735,float,,Feature 735 of the Molecular representation through redundancy reduced Embeddings
feat_736,float,,Feature 736 of the Molecular representation through redundancy reduced Embeddings
feat_737,float,,Feature 737 of the Molecular representation through redundancy reduced Embeddings
feat_738,float,,Feature 738 of the Molecular representation through redundancy reduced Embeddings
feat_739,float,,Feature 739 of the Molecular representation through redundancy reduced Embeddings
feat_740,float,,Feature 740 of the Molecular representation through redundancy reduced Embeddings
feat_741,float,,Feature 741 of the Molecular representation through redundancy reduced Embeddings
feat_742,float,,Feature 742 of the Molecular representation through redundancy reduced Embeddings
feat_743,float,,Feature 743 of the Molecular representation through redundancy reduced Embeddings
feat_744,float,,Feature 744 of the Molecular representation through redundancy reduced Embeddings
feat_745,float,,Feature 745 of the Molecular representation through redundancy reduced Embeddings
feat_746,float,,Feature 746 of the Molecular representation through redundancy reduced Embeddings
feat_747,float,,Feature 747 of the Molecular representation through redundancy reduced Embeddings
feat_748,float,,Feature 748 of the Molecular representation through redundancy reduced Embeddings
feat_749,float,,Feature 749 of the Molecular representation through redundancy reduced Embeddings
feat_750,float,,Feature 750 of the Molecular representation through redundancy reduced Embeddings
feat_751,float,,Feature 751 of the Molecular representation through redundancy reduced Embeddings
feat_752,float,,Feature 752 of the Molecular representation through redundancy reduced Embeddings
feat_753,float,,Feature 753 of the Molecular representation through redundancy reduced Embeddings
feat_754,float,,Feature 754 of the Molecular representation through redundancy reduced Embeddings
feat_755,float,,Feature 755 of the Molecular representation through redundancy reduced Embeddings
feat_756,float,,Feature 756 of the Molecular representation through redundancy reduced Embeddings
feat_757,float,,Feature 757 of the Molecular representation through redundancy reduced Embeddings
feat_758,float,,Feature 758 of the Molecular representation through redundancy reduced Embeddings
feat_759,float,,Feature 759 of the Molecular representation through redundancy reduced Embeddings
feat_760,float,,Feature 760 of the Molecular representation through redundancy reduced Embeddings
feat_761,float,,Feature 761 of the Molecular representation through redundancy reduced Embeddings
feat_762,float,,Feature 762 of the Molecular representation through redundancy reduced Embeddings
feat_763,float,,Feature 763 of the Molecular representation through redundancy reduced Embeddings
feat_764,float,,Feature 764 of the Molecular representation through redundancy reduced Embeddings
feat_765,float,,Feature 765 of the Molecular representation through redundancy reduced Embeddings
feat_766,float,,Feature 766 of the Molecular representation through redundancy reduced Embeddings
feat_767,float,,Feature 767 of the Molecular representation through redundancy reduced Embeddings
feat_768,float,,Feature 768 of the Molecular representation through redundancy reduced Embeddings
feat_769,float,,Feature 769 of the Molecular representation through redundancy reduced Embeddings
feat_770,float,,Feature 770 of the Molecular representation through redundancy reduced Embeddings
feat_771,float,,Feature 771 of the Molecular representation through redundancy reduced Embeddings
feat_772,float,,Feature 772 of the Molecular representation through redundancy reduced Embeddings
feat_773,float,,Feature 773 of the Molecular representation through redundancy reduced Embeddings
feat_774,float,,Feature 774 of the Molecular representation through redundancy reduced Embeddings
feat_775,float,,Feature 775 of the Molecular representation through redundancy reduced Embeddings
feat_776,float,,Feature 776 of the Molecular representation through redundancy reduced Embeddings
feat_777,float,,Feature 777 of the Molecular representation through redundancy reduced Embeddings
feat_778,float,,Feature 778 of the Molecular representation through redundancy reduced Embeddings
feat_779,float,,Feature 779 of the Molecular representation through redundancy reduced Embeddings
feat_780,float,,Feature 780 of the Molecular representation through redundancy reduced Embeddings
feat_781,float,,Feature 781 of the Molecular representation through redundancy reduced Embeddings
feat_782,float,,Feature 782 of the Molecular representation through redundancy reduced Embeddings
feat_783,float,,Feature 783 of the Molecular representation through redundancy reduced Embeddings
feat_784,float,,Feature 784 of the Molecular representation through redundancy reduced Embeddings
feat_785,float,,Feature 785 of the Molecular representation through redundancy reduced Embeddings
feat_786,float,,Feature 786 of the Molecular representation through redundancy reduced Embeddings
feat_787,float,,Feature 787 of the Molecular representation through redundancy reduced Embeddings
feat_788,float,,Feature 788 of the Molecular representation through redundancy reduced Embeddings
feat_789,float,,Feature 789 of the Molecular representation through redundancy reduced Embeddings
feat_790,float,,Feature 790 of the Molecular representation through redundancy reduced Embeddings
feat_791,float,,Feature 791 of the Molecular representation through redundancy reduced Embeddings
feat_792,float,,Feature 792 of the Molecular representation through redundancy reduced Embeddings
feat_793,float,,Feature 793 of the Molecular representation through redundancy reduced Embeddings
feat_794,float,,Feature 794 of the Molecular representation through redundancy reduced Embeddings
feat_795,float,,Feature 795 of the Molecular representation through redundancy reduced Embeddings
feat_796,float,,Feature 796 of the Molecular representation through redundancy reduced Embeddings
feat_797,float,,Feature 797 of the Molecular representation through redundancy reduced Embeddings
feat_798,float,,Feature 798 of the Molecular representation through redundancy reduced Embeddings
feat_799,float,,Feature 799 of the Molecular representation through redundancy reduced Embeddings
feat_800,float,,Feature 800 of the Molecular representation through redundancy reduced Embeddings
feat_801,float,,Feature 801 of the Molecular representation through redundancy reduced Embeddings
feat_802,float,,Feature 802 of the Molecular representation through redundancy reduced Embeddings
feat_803,float,,Feature 803 of the Molecular representation through redundancy reduced Embeddings
feat_804,float,,Feature 804 of the Molecular representation through redundancy reduced Embeddings
feat_805,float,,Feature 805 of the Molecular representation through redundancy reduced Embeddings
feat_806,float,,Feature 806 of the Molecular representation through redundancy reduced Embeddings
feat_807,float,,Feature 807 of the Molecular representation through redundancy reduced Embeddings
feat_808,float,,Feature 808 of the Molecular representation through redundancy reduced Embeddings
feat_809,float,,Feature 809 of the Molecular representation through redundancy reduced Embeddings
feat_810,float,,Feature 810 of the Molecular representation through redundancy reduced Embeddings
feat_811,float,,Feature 811 of the Molecular representation through redundancy reduced Embeddings
feat_812,float,,Feature 812 of the Molecular representation through redundancy reduced Embeddings
feat_813,float,,Feature 813 of the Molecular representation through redundancy reduced Embeddings
feat_814,float,,Feature 814 of the Molecular representation through redundancy reduced Embeddings
feat_815,float,,Feature 815 of the Molecular representation through redundancy reduced Embeddings
feat_816,float,,Feature 816 of the Molecular representation through redundancy reduced Embeddings
feat_817,float,,Feature 817 of the Molecular representation through redundancy reduced Embeddings
feat_818,float,,Feature 818 of the Molecular representation through redundancy reduced Embeddings
feat_819,float,,Feature 819 of the Molecular representation through redundancy reduced Embeddings
feat_820,float,,Feature 820 of the Molecular representation through redundancy reduced Embeddings
feat_821,float,,Feature 821 of the Molecular representation through redundancy reduced Embeddings
feat_822,float,,Feature 822 of the Molecular representation through redundancy reduced Embeddings
feat_823,float,,Feature 823 of the Molecular representation through redundancy reduced Embeddings
feat_824,float,,Feature 824 of the Molecular representation through redundancy reduced Embeddings
feat_825,float,,Feature 825 of the Molecular representation through redundancy reduced Embeddings
feat_826,float,,Feature 826 of the Molecular representation through redundancy reduced Embeddings
feat_827,float,,Feature 827 of the Molecular representation through redundancy reduced Embeddings
feat_828,float,,Feature 828 of the Molecular representation through redundancy reduced Embeddings
feat_829,float,,Feature 829 of the Molecular representation through redundancy reduced Embeddings
feat_830,float,,Feature 830 of the Molecular representation through redundancy reduced Embeddings
feat_831,float,,Feature 831 of the Molecular representation through redundancy reduced Embeddings
feat_832,float,,Feature 832 of the Molecular representation through redundancy reduced Embeddings
feat_833,float,,Feature 833 of the Molecular representation through redundancy reduced Embeddings
feat_834,float,,Feature 834 of the Molecular representation through redundancy reduced Embeddings
feat_835,float,,Feature 835 of the Molecular representation through redundancy reduced Embeddings
feat_836,float,,Feature 836 of the Molecular representation through redundancy reduced Embeddings
feat_837,float,,Feature 837 of the Molecular representation through redundancy reduced Embeddings
feat_838,float,,Feature 838 of the Molecular representation through redundancy reduced Embeddings
feat_839,float,,Feature 839 of the Molecular representation through redundancy reduced Embeddings
feat_840,float,,Feature 840 of the Molecular representation through redundancy reduced Embeddings
feat_841,float,,Feature 841 of the Molecular representation through redundancy reduced Embeddings
feat_842,float,,Feature 842 of the Molecular representation through redundancy reduced Embeddings
feat_843,float,,Feature 843 of the Molecular representation through redundancy reduced Embeddings
feat_844,float,,Feature 844 of the Molecular representation through redundancy reduced Embeddings
feat_845,float,,Feature 845 of the Molecular representation through redundancy reduced Embeddings
feat_846,float,,Feature 846 of the Molecular representation through redundancy reduced Embeddings
feat_847,float,,Feature 847 of the Molecular representation through redundancy reduced Embeddings
feat_848,float,,Feature 848 of the Molecular representation through redundancy reduced Embeddings
feat_849,float,,Feature 849 of the Molecular representation through redundancy reduced Embeddings
feat_850,float,,Feature 850 of the Molecular representation through redundancy reduced Embeddings
feat_851,float,,Feature 851 of the Molecular representation through redundancy reduced Embeddings
feat_852,float,,Feature 852 of the Molecular representation through redundancy reduced Embeddings
feat_853,float,,Feature 853 of the Molecular representation through redundancy reduced Embeddings
feat_854,float,,Feature 854 of the Molecular representation through redundancy reduced Embeddings
feat_855,float,,Feature 855 of the Molecular representation through redundancy reduced Embeddings
feat_856,float,,Feature 856 of the Molecular representation through redundancy reduced Embeddings
feat_857,float,,Feature 857 of the Molecular representation through redundancy reduced Embeddings
feat_858,float,,Feature 858 of the Molecular representation through redundancy reduced Embeddings
feat_859,float,,Feature 859 of the Molecular representation through redundancy reduced Embeddings
feat_860,float,,Feature 860 of the Molecular representation through redundancy reduced Embeddings
feat_861,float,,Feature 861 of the Molecular representation through redundancy reduced Embeddings
feat_862,float,,Feature 862 of the Molecular representation through redundancy reduced Embeddings
feat_863,float,,Feature 863 of the Molecular representation through redundancy reduced Embeddings
feat_864,float,,Feature 864 of the Molecular representation through redundancy reduced Embeddings
feat_865,float,,Feature 865 of the Molecular representation through redundancy reduced Embeddings
feat_866,float,,Feature 866 of the Molecular representation through redundancy reduced Embeddings
feat_867,float,,Feature 867 of the Molecular representation through redundancy reduced Embeddings
feat_868,float,,Feature 868 of the Molecular representation through redundancy reduced Embeddings
feat_869,float,,Feature 869 of the Molecular representation through redundancy reduced Embeddings
feat_870,float,,Feature 870 of the Molecular representation through redundancy reduced Embeddings
feat_871,float,,Feature 871 of the Molecular representation through redundancy reduced Embeddings
feat_872,float,,Feature 872 of the Molecular representation through redundancy reduced Embeddings
feat_873,float,,Feature 873 of the Molecular representation through redundancy reduced Embeddings
feat_874,float,,Feature 874 of the Molecular representation through redundancy reduced Embeddings
feat_875,float,,Feature 875 of the Molecular representation through redundancy reduced Embeddings
feat_876,float,,Feature 876 of the Molecular representation through redundancy reduced Embeddings
feat_877,float,,Feature 877 of the Molecular representation through redundancy reduced Embeddings
feat_878,float,,Feature 878 of the Molecular representation through redundancy reduced Embeddings
feat_879,float,,Feature 879 of the Molecular representation through redundancy reduced Embeddings
feat_880,float,,Feature 880 of the Molecular representation through redundancy reduced Embeddings
feat_881,float,,Feature 881 of the Molecular representation through redundancy reduced Embeddings
feat_882,float,,Feature 882 of the Molecular representation through redundancy reduced Embeddings
feat_883,float,,Feature 883 of the Molecular representation through redundancy reduced Embeddings
feat_884,float,,Feature 884 of the Molecular representation through redundancy reduced Embeddings
feat_885,float,,Feature 885 of the Molecular representation through redundancy reduced Embeddings
feat_886,float,,Feature 886 of the Molecular representation through redundancy reduced Embeddings
feat_887,float,,Feature 887 of the Molecular representation through redundancy reduced Embeddings
feat_888,float,,Feature 888 of the Molecular representation through redundancy reduced Embeddings
feat_889,float,,Feature 889 of the Molecular representation through redundancy reduced Embeddings
feat_890,float,,Feature 890 of the Molecular representation through redundancy reduced Embeddings
feat_891,float,,Feature 891 of the Molecular representation through redundancy reduced Embeddings
feat_892,float,,Feature 892 of the Molecular representation through redundancy reduced Embeddings
feat_893,float,,Feature 893 of the Molecular representation through redundancy reduced Embeddings
feat_894,float,,Feature 894 of the Molecular representation through redundancy reduced Embeddings
feat_895,float,,Feature 895 of the Molecular representation through redundancy reduced Embeddings
feat_896,float,,Feature 896 of the Molecular representation through redundancy reduced Embeddings
feat_897,float,,Feature 897 of the Molecular representation through redundancy reduced Embeddings
feat_898,float,,Feature 898 of the Molecular representation through redundancy reduced Embeddings
feat_899,float,,Feature 899 of the Molecular representation through redundancy reduced Embeddings
feat_900,float,,Feature 900 of the Molecular representation through redundancy reduced Embeddings
feat_901,float,,Feature 901 of the Molecular representation through redundancy reduced Embeddings
feat_902,float,,Feature 902 of the Molecular representation through redundancy reduced Embeddings
feat_903,float,,Feature 903 of the Molecular representation through redundancy reduced Embeddings
feat_904,float,,Feature 904 of the Molecular representation through redundancy reduced Embeddings
feat_905,float,,Feature 905 of the Molecular representation through redundancy reduced Embeddings
feat_906,float,,Feature 906 of the Molecular representation through redundancy reduced Embeddings
feat_907,float,,Feature 907 of the Molecular representation through redundancy reduced Embeddings
feat_908,float,,Feature 908 of the Molecular representation through redundancy reduced Embeddings
feat_909,float,,Feature 909 of the Molecular representation through redundancy reduced Embeddings
feat_910,float,,Feature 910 of the Molecular representation through redundancy reduced Embeddings
feat_911,float,,Feature 911 of the Molecular representation through redundancy reduced Embeddings
feat_912,float,,Feature 912 of the Molecular representation through redundancy reduced Embeddings
feat_913,float,,Feature 913 of the Molecular representation through redundancy reduced Embeddings
feat_914,float,,Feature 914 of the Molecular representation through redundancy reduced Embeddings
feat_915,float,,Feature 915 of the Molecular representation through redundancy reduced Embeddings
feat_916,float,,Feature 916 of the Molecular representation through redundancy reduced Embeddings
feat_917,float,,Feature 917 of the Molecular representation through redundancy reduced Embeddings
feat_918,float,,Feature 918 of the Molecular representation through redundancy reduced Embeddings
feat_919,float,,Feature 919 of the Molecular representation through redundancy reduced Embeddings
feat_920,float,,Feature 920 of the Molecular representation through redundancy reduced Embeddings
feat_921,float,,Feature 921 of the Molecular representation through redundancy reduced Embeddings
feat_922,float,,Feature 922 of the Molecular representation through redundancy reduced Embeddings
feat_923,float,,Feature 923 of the Molecular representation through redundancy reduced Embeddings
feat_924,float,,Feature 924 of the Molecular representation through redundancy reduced Embeddings
feat_925,float,,Feature 925 of the Molecular representation through redundancy reduced Embeddings
feat_926,float,,Feature 926 of the Molecular representation through redundancy reduced Embeddings
feat_927,float,,Feature 927 of the Molecular representation through redundancy reduced Embeddings
feat_928,float,,Feature 928 of the Molecular representation through redundancy reduced Embeddings
feat_929,float,,Feature 929 of the Molecular representation through redundancy reduced Embeddings
feat_930,float,,Feature 930 of the Molecular representation through redundancy reduced Embeddings
feat_931,float,,Feature 931 of the Molecular representation through redundancy reduced Embeddings
feat_932,float,,Feature 932 of the Molecular representation through redundancy reduced Embeddings
feat_933,float,,Feature 933 of the Molecular representation through redundancy reduced Embeddings
feat_934,float,,Feature 934 of the Molecular representation through redundancy reduced Embeddings
feat_935,float,,Feature 935 of the Molecular representation through redundancy reduced Embeddings
feat_936,float,,Feature 936 of the Molecular representation through redundancy reduced Embeddings
feat_937,float,,Feature 937 of the Molecular representation through redundancy reduced Embeddings
feat_938,float,,Feature 938 of the Molecular representation through redundancy reduced Embeddings
feat_939,float,,Feature 939 of the Molecular representation through redundancy reduced Embeddings
feat_940,float,,Feature 940 of the Molecular representation through redundancy reduced Embeddings
feat_941,float,,Feature 941 of the Molecular representation through redundancy reduced Embeddings
feat_942,float,,Feature 942 of the Molecular representation through redundancy reduced Embeddings
feat_943,float,,Feature 943 of the Molecular representation through redundancy reduced Embeddings
feat_944,float,,Feature 944 of the Molecular representation through redundancy reduced Embeddings
feat_945,float,,Feature 945 of the Molecular representation through redundancy reduced Embeddings
feat_946,float,,Feature 946 of the Molecular representation through redundancy reduced Embeddings
feat_947,float,,Feature 947 of the Molecular representation through redundancy reduced Embeddings
feat_948,float,,Feature 948 of the Molecular representation through redundancy reduced Embeddings
feat_949,float,,Feature 949 of the Molecular representation through redundancy reduced Embeddings
feat_950,float,,Feature 950 of the Molecular representation through redundancy reduced Embeddings
feat_951,float,,Feature 951 of the Molecular representation through redundancy reduced Embeddings
feat_952,float,,Feature 952 of the Molecular representation through redundancy reduced Embeddings
feat_953,float,,Feature 953 of the Molecular representation through redundancy reduced Embeddings
feat_954,float,,Feature 954 of the Molecular representation through redundancy reduced Embeddings
feat_955,float,,Feature 955 of the Molecular representation through redundancy reduced Embeddings
feat_956,float,,Feature 956 of the Molecular representation through redundancy reduced Embeddings
feat_957,float,,Feature 957 of the Molecular representation through redundancy reduced Embeddings
feat_958,float,,Feature 958 of the Molecular representation through redundancy reduced Embeddings
feat_959,float,,Feature 959 of the Molecular representation through redundancy reduced Embeddings
feat_960,float,,Feature 960 of the Molecular representation through redundancy reduced Embeddings
feat_961,float,,Feature 961 of the Molecular representation through redundancy reduced Embeddings
feat_962,float,,Feature 962 of the Molecular representation through redundancy reduced Embeddings
feat_963,float,,Feature 963 of the Molecular representation through redundancy reduced Embeddings
feat_964,float,,Feature 964 of the Molecular representation through redundancy reduced Embeddings
feat_965,float,,Feature 965 of the Molecular representation through redundancy reduced Embeddings
feat_966,float,,Feature 966 of the Molecular representation through redundancy reduced Embeddings
feat_967,float,,Feature 967 of the Molecular representation through redundancy reduced Embeddings
feat_968,float,,Feature 968 of the Molecular representation through redundancy reduced Embeddings
feat_969,float,,Feature 969 of the Molecular representation through redundancy reduced Embeddings
feat_970,float,,Feature 970 of the Molecular representation through redundancy reduced Embeddings
feat_971,float,,Feature 971 of the Molecular representation through redundancy reduced Embeddings
feat_972,float,,Feature 972 of the Molecular representation through redundancy reduced Embeddings
feat_973,float,,Feature 973 of the Molecular representation through redundancy reduced Embeddings
feat_974,float,,Feature 974 of the Molecular representation through redundancy reduced Embeddings
feat_975,float,,Feature 975 of the Molecular representation through redundancy reduced Embeddings
feat_976,float,,Feature 976 of the Molecular representation through redundancy reduced Embeddings
feat_977,float,,Feature 977 of the Molecular representation through redundancy reduced Embeddings
feat_978,float,,Feature 978 of the Molecular representation through redundancy reduced Embeddings
feat_979,float,,Feature 979 of the Molecular representation through redundancy reduced Embeddings
feat_980,float,,Feature 980 of the Molecular representation through redundancy reduced Embeddings
feat_981,float,,Feature 981 of the Molecular representation through redundancy reduced Embeddings
feat_982,float,,Feature 982 of the Molecular representation through redundancy reduced Embeddings
feat_983,float,,Feature 983 of the Molecular representation through redundancy reduced Embeddings
feat_984,float,,Feature 984 of the Molecular representation through redundancy reduced Embeddings
feat_985,float,,Feature 985 of the Molecular representation through redundancy reduced Embeddings
feat_986,float,,Feature 986 of the Molecular representation through redundancy reduced Embeddings
feat_987,float,,Feature 987 of the Molecular representation through redundancy reduced Embeddings
feat_988,float,,Feature 988 of the Molecular representation through redundancy reduced Embeddings
feat_989,float,,Feature 989 of the Molecular representation through redundancy reduced Embeddings
feat_990,float,,Feature 990 of the Molecular representation through redundancy reduced Embeddings
feat_991,float,,Feature 991 of the Molecular representation through redundancy reduced Embeddings
feat_992,float,,Feature 992 of the Molecular representation through redundancy reduced Embeddings
feat_993,float,,Feature 993 of the Molecular representation through redundancy reduced Embeddings
feat_994,float,,Feature 994 of the Molecular representation through redundancy reduced Embeddings
feat_995,float,,Feature 995 of the Molecular representation through redundancy reduced Embeddings
feat_996,float,,Feature 996 of the Molecular representation through redundancy reduced Embeddings
feat_997,float,,Feature 997 of the Molecular representation through redundancy reduced Embeddings
feat_998,float,,Feature 998 of the Molecular representation through redundancy reduced Embeddings
feat_999,float,,Feature 999 of the Molecular representation through redundancy reduced Embeddings
